archivo,personaje,texto
"alex_1kjqkj3.mp3","alex","¿Dónde habré dejado el móvil? Piensa, Segu, piensa."
"alex_1a6bsr.mp3","alex","Si yo fuera un teléfono, me escondería donde paso veinte horas al día…"
"alex_zvt9op.mp3","alex","Vale, jugador, te lo digo claro: mira en la cama."
"alex_1i726d0.mp3","alex","Llama a alguien. Alguno estará tan aburrido como yo."
"alex_10hfswd.mp3","alex","Me quedan contactos en la agenda. Alguien dirá que sí. Estadísticamente."
"alex_1a0yfzz.mp3","alex","¿Dónde guardaría yo la inspiración? En algún sitio con plumas…"
"alex_1h4vb4t.mp3","alex","Tengo sed. Bueno, no. Pero mira la neverita, por si acaso."
"alex_cbuhr3.mp3","alex","Ya está todo. Ahora a la neverita: será la torre más fresca del barrio."
"alex_gycwq1.mp3","alex","Mete el CD en el ordenador-nevera. Selecciónalo y haz clic en la neverita."
"alex_16d6blh.mp3","alex","¡Ajá! Entre las sábanas, junto a tres patatas fritas y una moneda de veinte duros."
"alex_y8ekst.mp3","alex","Esto ya no es buscar, es arqueología."
"alex_4u49fu.mp3","alex","¿Y si vemos la tele?"
"alex_1570sfm.mp3","alex","¿Leemos algo?"
"alex_1gxccr2.mp3","alex","¿Una partidita de ajedrez?"
"alex_rdgmsl.mp3","alex","¿Nos probamos ropa?"
"alex_1vieot7.mp3","alex","¿Vemos vídeos de gatos?"
"alex_1y1jsul.mp3","alex","¿Siesta?"
"alex_1j2z4qg.mp3","alex","Por eso."
"alex_r7bb7p.mp3","alex","Qué misterio."
"alex_tos33y.mp3","alex","A ti. A mí me adora."
"alex_1pa3epc.mp3","alex","¿Una partidita a la Play?"
"alex_g3rs44.mp3","alex","…¿Eso es humo?"
"alex_10bryyj.mp3","alex","Descanse en paz. Treinta años de servicio. Ni un día de baja."
"alex_7bbout.mp3","alex","Ahora… necesitamos inspiración."
"alex_n8ud1q.mp3","alex","Déjala. Está descansando. Para siempre."
"alex_1vkjcdq.mp3","alex","Mi búho hucha. Mi abuela me dijo que solo lo rompiera en caso de emergencia."
"alex_13prmms.mp3","alex","…Tienes razón."
"alex_1gubnd7.mp3","alex","El cajón ya está vacío. Bueno, quedan cajonidades."
"alex_t0woho.mp3","alex","Está atascado. Este cajón tiene más resistencia que yo un lunes."
"alex_4zaod3.mp3","alex","¡Hop! Un destornillador. Los destornilladores viven en los cajones. Es ley de vida."
"alex_4r4lei.mp3","alex","Ya no le queda nada útil. Ni dignidad."
"alex_1n1fysu.mp3","alex","Para sacarle las tripas a la consola necesito algo para desatornillar."
"alex_1ow9e7l.mp3","alex","Esto se abre con el destornillador. Selecciónalo y úsalo aquí."
"alex_1n08n1n.mp3","alex","Placa base fuera. Por fin ha dejado de echar humo. Tranquila, tu sacrificio no será en vano."
"alex_bcwfrs.mp3","alex","Ya le he quitado el procesador. Ahora es un Mac de decoración. Como los de las tiendas."
"alex_1xdl9iw.mp3","alex","Pide contraseña. Y la contraseña es ""contraseña""… No, tampoco. Mejor lo abro por dentro."
"alex_1dxpl0m.mp3","alex","Para abrirlo me hará falta el destornillador."
"alex_152zfa.mp3","alex","Con fe, todo se puede. Perdóname, Steve."
"alex_zhhscr.mp3","alex","Ahí lo tienes. Un ordenador refrigerado de serie. Le falta un juego."
"alex_1ac3xej.mp3","alex","Una memoria RAM. En la nevera."
"alex_1ldrxev.mp3","alex","Tiene sentido. Y vacía, la neverita es una torre perfecta."
"alex_t9gw3k.mp3","alex","Placa, RAM, procesador y caja. Vamos a ello."
"alex_9q1vyu.mp3","alex","Eso es claramente un error de la IA."
"alex_1nw57m3.mp3","alex","Pero con luces RGB va un 30% más rápido. Es ciencia."
"alex_1c6o4rm.mp3","alex","El resto son juegos de la Play. Que en paz descanse."
"alex_heij9j.mp3","alex","Tekken 3. Un clásico. Me lo llevo."
"alex_rzco3.mp3","alex","La tele no lee CDs. El ordenador-nevera sí. Bueno, eso espero."
"alex_ibq0wo.mp3","alex","Golpe moral."
"alex_cjrrm.mp3","alex","Clásico Skater."
"alex_bei17s.mp3","alex","Aida… Aida, te llamo otro día, que esto va para largo."
"alex_356wv4.mp3","alex","Cuando acabe la lista de material ya será Navidad."
"alex_107c93p.mp3","alex","Dos minutos y medio. Lo apunto como un «quizás» muy optimista."
"alex_1mcjxwc.mp3","alex","¿Otra vez? Si fuiste ayer."
"alex_8bnslb.mp3","alex","Guillem no se ha saltado nunca un día de pierna. Los planes conmigo, todos."
"alex_98dvn9.mp3","alex","¿Un martes?"
"alex_k2eviy.mp3","alex","Vale. Saluda al Nil."
"alex_1lmzizv.mp3","alex","¿Y por dónde andas?"
"alex_1ge4m4v.mp3","alex","Una vuelta. A Zaragoza."
"alex_1bcaami.mp3","alex","¿Necesitáis refuerzos? Tengo un mando de la Play y toda la tarde libre."
"alex_1wtu0km.mp3","alex","Resistid, compañeros. Yo resistiré desde el sofá."
"alex_unyxwz.mp3","alex","¿Y quiénes son ""esos""?"
"alex_3cbjkz.mp3","alex","Ah, esos."
"alex_1srhyc6.mp3","alex","¿Y hay cobertura en Hogwarts?"
"alex_1s5swz5.mp3","alex","…Ese búho de la estantería me está mirando raro."
"alex_fbh470.mp3","alex","Ya, pero por si acaso."
"alex_1myld0s.mp3","alex","Ni con nueve horas de diferencia me dicen que sí."
"alex_o2d6qq.mp3","alex","…Uy, se ha cortado. Qué mala cobertura hay en esta casa."
"alex_fs6nk1.mp3","alex","Aquí, viendo un documental de pumas."
"alex_ov1zz1.mp3","alex","Me he aburrido hasta yo. ¿Te vienes?"
"alex_1qgvsf0.mp3","alex","Tres kebabs y una Fanta. Fecha: 2009. Un buen día."
"alex_bq9qaf.mp3","alex","Vuelve a tu época, clip."
"alex_rfxsdf.mp3","alex","Cinco duros. En el 98 con esto me compraba media tienda de chuches."
"alex_1r5z1h3.mp3","alex","…Me está describiendo a mí."
"alex_goa0y8.mp3","alex","Vale, tele. Mensaje recibido."
"alex_h8q2zv.mp3","alex","Voy a ver si alguien quiere quedar. ¿Dónde habré dejado el móvil?"
"alex_1l5omt9.mp3","alex","¡No voy!"
"alex_caxv91.mp3","alex","…Bueno, sí voy."
"alex_1o3aq1x.mp3","alex","¡Sergio! Pasa, pasa. No mires el desorden."
"alex_18hww09.mp3","alex","Ni idea. Mira a ver si se te ocurre algo."
"alex_1itt8xi.mp3","alex","Inspiración de emergencia."
"alex_14cdt94.mp3","alex","Noto que el póster me está mirando."
"alex_1jbc94.mp3","alex","…"
"alex_wkehe1.mp3","alex","¡Ya lo tengo! ¡Vamos a construir un ordenador!"
"alex_1ulbunl.mp3","alex","Eso no ha frenado nunca a nadie en internet."
"alex_vdth7q.mp3","alex","Y un destornillador. Que yo con las uñas no abro ni un yogur."
"alex_logo3f.mp3","alex","Shhh. Ya has roto la cuarta pared varias veces hoy. Déjanos esta."
"alex_q6j6we.mp3","alex","Calla y coge el mando."
"alex_18uito7.mp3","alex","Una tele. Ahora mismo apagada, como mis ganas de ver más pumas."
"alex_1twmckc.mp3","alex","Mi vieja Play. Treinta años de servicio y ni una queja. Bueno, alguna."
"alex_vfrjbv.mp3","alex","El mando de la tele. Ese sí que aparece siempre. El móvil, nunca. Así funciona el universo."
"alex_ab9o7p.mp3","alex","Una lata de refresco. Sabe a nostalgia y a gas."
"alex_jht03a.mp3","alex","Una taza con un marciano. Tiene café del… ¿martes pasado?"
"alex_1msm33f.mp3","alex","Un cenicero. Algún día lo vaciaré. Hoy no es ese día."
"alex_73b9vq.mp3","alex","Cómics y juegos. Mi biblioteca personal. Bueno, mi única biblioteca."
"alex_zm1wk4.mp3","alex","Un mando sin consola encendida es un pisapapeles con botones."
"alex_11zu5c9.mp3","alex","Mi búho hucha. Lleva años mirándome con cara de juicio."
"alex_cds0n5.mp3","alex","Mis figuras. No son muñecos, son coleccionables. Hay una diferencia. Creo."
"alex_1fmtteq.mp3","alex","Juegos y libros que no he leído, ordenados por color para disimular."
"alex_prehd9.mp3","alex","Mi viejo Mac. No se enciende desde que existía el Messenger."
"alex_19fdmst.mp3","alex","La neverita. Ahí guardo las cosas que tienen que estar fresquitas."
"alex_s0twv9.mp3","alex","Un cajón. Dentro hay… cajonidades."
"alex_1hchsur.mp3","alex","El armario. No lo abro. Si lo abro, lo que hay dentro sale solo."
"alex_p102d9.mp3","alex","Fíjate en la boca del tío del póster. Eso es claramente un error de la IA."
"alex_1y7z5ws.mp3","alex","Una lámpara."
"alex_wg9bhb.mp3","alex","Sigue siendo una lámpara. No va a evolucionar."
"alex_sjxznr.mp3","alex","Un ajedrez. Lo tengo para parecer listo cuando viene gente."
"alex_a9oq29.mp3","alex","Mi silla gamer. Tiene más horas de vuelo que un piloto."
"alex_147919a.mp3","alex","Marcianitos. Esto es arte, y lo demás son tonterías."
"alex_1o0f5ic.mp3","alex","La papelera. Mi mejor triple fue aquí. Fallé."
"alex_6kn6ew.mp3","alex","Mi cama. Mi zona de confort. Literalmente."
"alex_or104z.mp3","alex","Ya lo he mirado. Sigue igual."
"alex_10lq3pm.mp3","alex","Jugador, te veo. Deja de hacer clic ahí."
"alex_slwvhq.mp3","alex","Si sigues haciendo clic, no va a pasar nada nuevo. Lo prometo."
"sergio_1rz1cnv.mp3","sergio","Si tuviéramos algo con mando… y que no fuera la tele…"
"sergio_11yudm0.mp3","sergio","Debajo de la tele hay algo que hace siglos que no enciendes."
"sergio_6075mf.mp3","sergio","Vale, lo digo yo: LA PLAY. Dale a la consola."
"sergio_hz4skf.mp3","sergio","Ese búho hucha lleva años engordando, Segu."
"sergio_iaxiem.mp3","sergio","EL BÚHO. Rompe el búho."
"sergio_1f3oams.mp3","sergio","Los destornilladores viven en cajones. Es ley de vida. Mira el mueble de la izquierda."
"sergio_vhzu58.mp3","sergio","La Play ya no la vamos a usar… ¿no? Tiene tripas aprovechables."
"sergio_1iv7u0k.mp3","sergio","Ese Mac lleva años sin encenderse. Seguro que dentro hay algo que nos sirve."
"sergio_1b02kvf.mp3","sergio","Un ordenador sin juego es un radiador con lucecitas. Mira en la estantería."
"sergio_1jr48rk.mp3","sergio","¿Más pumas? Ya sé todo lo que hay que saber de pumas. Y no quiero saber más."
"sergio_1r34ruo.mp3","sergio","Tío, he venido a tu casa, no a la biblioteca."
"sergio_1cywh99.mp3","sergio","La última vez tardaste cuarenta minutos en mover un peón."
"sergio_ilxcud.mp3","sergio","¿Qué somos, influencers?"
"sergio_1mg6dc2.mp3","sergio","Hemos pasado de pumas a gatos. Esto es involución."
"sergio_pmzfox.mp3","sergio","Son las siete de la tarde."
"sergio_132oaq7.mp3","sergio","Un mando… Si hubiera algo donde enchufarlo…"
"sergio_6xrahe.mp3","sergio","Ese búho nos está juzgando."
"sergio_19eg8z8.mp3","sergio","Ahora sí nos entendemos."
"sergio_1qztc5m.mp3","sergio","Ha muerto como vivió: echando humo."
"sergio_1ddpty4.mp3","sergio","¿Y ahora qué?"
"sergio_afnukt.mp3","sergio","La inspiración no está en la nevera, Segu. Ahí solo hay cosas frías."
"sergio_12ued21.mp3","sergio","Si vuelvo a ver un puma, me hago vegano."
"sergio_tl1qmj.mp3","sergio","Segu. Mira a tu alrededor. Esto es una emergencia."
"sergio_1wwlqrl.mp3","sergio","¡Toma ya! A ver qué escondía el pajarraco."
"sergio_10uyzrr.mp3","sergio","Tira con ganas. Como cuando abres un yogur."
"sergio_rley16.mp3","sergio","Y no, a mordiscos no vale."
"sergio_f10wu7.mp3","sergio","¿Le vas a quitar el procesador a un Mac con un destornillador normal?"
"sergio_1v4aeuw.mp3","sergio","Para que no se caliente."
"sergio_ym5f7j.mp3","sergio","¿Y esas luces de colores? Si no teníamos luces."
"sergio_10ocfye.mp3","sergio","Ahora solo falta un juego."
"sergio_1aqibg4.mp3","sergio","Cuando el ordenador esté listo, lo enchufamos a la tele."
"sergio_ep1b4i.mp3","sergio","Inspiración, Segu. Céntrate."
"sergio_1r49k2n.mp3","sergio","¿Qué pasa, Segu?"
"sergio_13mamn8.mp3","sergio","¿Otra vez los pumas?"
"sergio_1kthrx7.mp3","sergio","Voy para allá."
"sergio_eymfin.mp3","sergio","""Parece que estás intentando escribir una carta. ¿Necesitas ayuda?"""
"sergio_jemwa5.mp3","sergio","¡Segu!"
"sergio_1fy9ou9.mp3","sergio","¿Qué desorden? Si esto es un museo."
"sergio_1ca9b5c.mp3","sergio","Bueno, ¿y qué hacemos?"
"sergio_15xddw.mp3","sergio","Josep se lo pierde."
"sergio_pe9nbz.mp3","sergio","¿Notas algo?"
"sergio_1q9h9ce.mp3","sergio","El póster siempre te ha mirado, Segu."
"sergio_1xrj9mn.mp3","sergio","Pero si no tenemos ni idea."
"sergio_17yaojc.mp3","sergio","Vale. Necesitamos placa base, memoria, procesador y una caja."
"sergio_1pzmy0h.mp3","sergio","Tekken 3 es de la Play. No va a funcionar en un PC hecho con una nevera."
"sergio_1iiffu1.mp3","sergio","…Eso no es Tekken."
"sys_17ccabu.mp3","sys","El número marcado no existe o está fuera de cobertura."
"skater_t44sc3.mp3","skater","¡Claro, tío! Voy ahora mismo."
"josep_1npkf0m.mp3","josep","Sorry, tío. Ya no fumo."
"aida_19vns6k.mp3","aida","¡Hola, Seg! ¿Cómo estás? ¿Quieres que hagamos algo hoy? Tengo una idea buenísima: podemos pillar ceras de colores, y pinceles, y acuarelas, y rotuladores, y…"
"ruiz_slv94d.mp3","ruiz","Hola, Seguuu! Quina il·lusió que em truquis! Tinc moltes ganes de veure't i arreplegar-te. Avui? Oh, buah, estic molt liada! Ara a les cinc tinc pàdel, i quan acabi he quedat amb la Maria i la Lara, que fa temps que no les veig, i després vaig al cumple del Joanko. Però si el partit acaba d'hora puc passar a veure't dos minuts i mig."
"guillem_8h1cjn.mp3","guillem","No puedo, me voy al gym."
"guillem_e8ufyz.mp3","guillem","Y mañana también. Hoy toca pierna."
"guevara_1rmak4n.mp3","guevara","¡Imposible! Me voy a La Bisbal d'Empordà, que tocan los Punkarracats."
"guevara_1pfwadr.mp3","guevara","El punk no entiende de calendarios."
"sara_1qtsfnv.mp3","sara","No puedo, estoy con el Nil."
"sara_1guw7if.mp3","sara","Dice el Nil que hola."
"aaron_1jvpkk.mp3","aaron","Tío, acabo de salir a dar una vuelta con la bici."
"aaron_1men7j5.mp3","aaron","Volviendo de Zaragoza."
"aaron_1xadwy3.mp3","aaron","Cortita, para calentar."
"aitor_ya5mge.mp3","aitor","Uf, he quedado con el Nate y esos."
"aitor_yqozjy.mp3","aitor","Pues esos."
"agui_l3s3tz.mp3","agui","Ahora no puedo. Estoy en Hogwarts, en un congreso de magia."
"agui_sgsa1v.mp3","agui","No. Te estoy contestando por lechuza."
"andrea_1k9w96p.mp3","andrea","¿Tú estás tonto? Sabes que estoy en California."
"idoia_x9gs45.mp3","idoia","¡Hola! Sí, sí, me apetece. ¿Puedo ir con los niños?"
"tv_1ouddxq.mp3","tv","El puma es un animal solitario. Puede pasar hasta veinte horas al día tumbado sin hacer absolutamente nada."
"tv_19d23u2.mp3","tv","Y cuando el puma se aburre, sale en busca de otros pumas."
